-- MySQL dump 10.13  Distrib 5.7.20, for Linux (x86_64)
--
-- Host: 127.0.0.1    Database: sopilko
-- ------------------------------------------------------
-- Server version	5.7.20-0ubuntu0.16.04.1

/*!40101 SET @OLD_CHARACTER_SET_CLIENT=@@CHARACTER_SET_CLIENT */;
/*!40101 SET @OLD_CHARACTER_SET_RESULTS=@@CHARACTER_SET_RESULTS */;
/*!40101 SET @OLD_COLLATION_CONNECTION=@@COLLATION_CONNECTION */;
/*!40101 SET NAMES utf8 */;
/*!40103 SET @OLD_TIME_ZONE=@@TIME_ZONE */;
/*!40103 SET TIME_ZONE='+00:00' */;
/*!40014 SET @OLD_UNIQUE_CHECKS=@@UNIQUE_CHECKS, UNIQUE_CHECKS=0 */;
/*!40014 SET @OLD_FOREIGN_KEY_CHECKS=@@FOREIGN_KEY_CHECKS, FOREIGN_KEY_CHECKS=0 */;
/*!40101 SET @OLD_SQL_MODE=@@SQL_MODE, SQL_MODE='NO_AUTO_VALUE_ON_ZERO' */;
/*!40111 SET @OLD_SQL_NOTES=@@SQL_NOTES, SQL_NOTES=0 */;

--
-- Table structure for table `city`
--

DROP TABLE IF EXISTS `city`;
/*!40101 SET @saved_cs_client     = @@character_set_client */;
/*!40101 SET character_set_client = utf8 */;
CREATE TABLE `city` (
  `id` int(11) unsigned NOT NULL AUTO_INCREMENT,
  `name` varchar(100) NOT NULL,
  `region_id` int(11) NOT NULL,
  PRIMARY KEY (`id`)
) ENGINE=InnoDB AUTO_INCREMENT=766 DEFAULT CHARSET=utf8;
/*!40101 SET character_set_client = @saved_cs_client */;

--
-- Dumping data for table `city`
--

LOCK TABLES `city` WRITE;
/*!40000 ALTER TABLE `city` DISABLE KEYS */;
INSERT INTO `city` VALUES (1,'Бар',1),(2,'Бершадь',1),(3,'Браилов',1),(4,'Брацлав',1),(5,'Вапнярка',1),(6,'Вендичаны',1),(7,'Винница',1),(8,'Вороновица',1),(9,'Гайсин',1),(10,'Гнивань',1),(11,'Дашев',1),(12,'Жмеринка',1),(13,'Ильинцы',1),(14,'Казатин',1),(15,'Калиновка',1),(16,'Крыжополь',1),(17,'Ладыжин',1),(18,'Липовец',1),(19,'Литин',1),(20,'Могилев-Подольский',1),(21,'Мурованные Куриловцы',1),(22,'Немиров',1),(23,'Оратов',1),(24,'Песчанка',1),(25,'Погребище',1),(26,'Теплик',1),(27,'Томашполь',1),(28,'Тростянец',1),(29,'Тульчин',1),(30,'Тывров',1),(31,'Хмельник',1),(32,'Чечельник',1),(33,'Шаргород',1),(34,'Ямполь',1),(35,'Берестечко',2),(36,'Владимир-Волынский',2),(37,'Голобы',2),(38,'Головно',2),(39,'Горохов',2),(40,'Заболотье',2),(41,'Иваничи',2),(42,'Камень-Каширский',2),(43,'Киверцы',2),(44,'Ковель',2),(45,'Локачи',2),(46,'Луцк',2),(47,'Любешов',2),(48,'Любомль',2),(49,'Маневичи',2),(50,'Нововолынск',2),(51,'Ратно',2),(52,'Рожище',2),(53,'Старая Выжевка',2),(54,'Турийск',2),(55,'Апостолово',3),(56,'Аулы',3),(57,'Брагиновка',3),(58,'Васильковка',3),(59,'Верхнеднепровск',3),(60,'Верховцево',3),(61,'Вольногорск',3),(62,'Гвардейское',3),(63,'Горняцкое',3),(64,'Губиниха',3),(65,'Демурино',3),(66,'Днепродзержинск',3),(67,'Днепропетровск',3),(68,'Желтые Воды',3),(69,'Зализничное',3),(70,'Зеленодольск',3),(71,'Зеленое',3),(72,'Илларионово',3),(73,'Ингулец',3),(74,'Калинино',3),(75,'Карнауховка',3),(76,'Кривой Рог',3),(77,'Кринички',3),(78,'Магдалиновка',3),(79,'Марганец',3),(80,'Межевая',3),(81,'Никополь',3),(82,'Новомосковск',3),(83,'Орджоникидзе',3),(84,'Павлоград',3),(85,'Першотравенск',3),(86,'Петропавловка',3),(87,'Покровское',3),(88,'Пятихатки',3),(89,'Синельниково',3),(90,'Софиевка',3),(91,'Томаковка',3),(92,'Царичанка',3),(93,'Широкое',3),(94,'Авдеевка',4),(95,'Александровка',4),(96,'Алексеево-Дружковка',4),(97,'Амвросиевка',4),(98,'Андреевка',4),(99,'Артемово',4),(100,'Артемовск',4),(101,'Безыменное',4),(102,'Беленькое',4),(103,'Белицкое',4),(104,'Благодатное',4),(105,'Былбасовка',4),(106,'Великая Новоселка',4),(107,'Войковский',4),(108,'Волноваха',4),(109,'Володарское',4),(110,'Гольмовский',4),(111,'Горбачево-Михайловка',4),(112,'Горловка',4),(113,'Гродовка',4),(114,'Грузско-Зорянское',4),(115,'Дебальцево',4),(116,'Дзержинск',4),(117,'Димитров',4),(118,'Доброполье',4),(119,'Докучаевск',4),(120,'Донецк',4),(121,'Донецкая',4),(122,'Донское',4),(123,'Дробышево',4),(124,'Дружковка',4),(125,'Енакиево',4),(126,'Жданов',4),(127,'Ждановка',4),(128,'Желанное',4),(129,'Зугрэс',4),(130,'Зуевка',4),(131,'Иловайск',4),(132,'Карло-Либкнехтовск',4),(133,'Карло-Марксово',4),(134,'Кировск',4),(135,'Константиновка',4),(136,'Краматорск',4),(137,'Красноармейск',4),(138,'Красный Лиман',4),(139,'Макеевка',4),(140,'Мариуполь',4),(141,'Марьинка',4),(142,'Николаевка',4),(143,'Новоазовск',4),(144,'Новоэкономическое',4),(145,'Першотравневое',4),(146,'Селидово',4),(147,'Славянск',4),(148,'Снежное',4),(149,'Старобешево',4),(150,'Тельманово',4),(151,'Торез',4),(152,'Угледар',4),(153,'Харцызск',4),(154,'Шахтерск',4),(155,'Ясиноватая',4),(156,'Андрушевка',5),(157,'Барановка',5),(158,'Белая Криница',5),(159,'Бердичев',5),(160,'Броницкая Гута',5),(161,'Брусилов',5),(162,'Быковка',5),(163,'Великие Коровинцы',5),(164,'Володарск-Волынский',5),(165,'Городница',5),(166,'Гришковцы',5),(167,'Дзержинск',5),(168,'Довбыш',5),(169,'Емильчино',5),(170,'Житомир',5),(171,'Иванополь',5),(172,'Каменный Брод',5),(173,'Коростень',5),(174,'Коростышев',5),(175,'Лугины',5),(176,'Любар',5),(177,'Малин',5),(178,'Народичи',5),(179,'Новоград-Волынский',5),(180,'Овруч',5),(181,'Олевск',5),(182,'Попельня',5),(183,'Радомышль',5),(184,'Ружин',5),(185,'Червоноармейск',5),(186,'Черняхов',5),(187,'Чуднов',5),(188,'Берегово',6),(189,'Буштына',6),(190,'Великий Березный',6),(191,'Великий Бычков',6),(192,'Виноградов',6),(193,'Воловец',6),(194,'Иршава',6),(195,'Межгорье',6),(196,'Мукачево',6),(197,'Перечин',6),(198,'Рахов',6),(199,'Свалява',6),(200,'Тячев',6),(201,'Ужгород',6),(202,'Хуст',6),(203,'Чоп',6),(204,'Акимовка',7),(205,'Андреевка',7),(206,'Балабино',7),(207,'Бердянск',7),(208,'Васильевка',7),(209,'Веселое',7),(210,'Вольнянск',7),(211,'Гуляйполе',7),(212,'Днепрорудный',7),(213,'Запорожье',7),(214,'Каменка-Днепровская',7),(215,'Каменное',7),(216,'Камыш-Заря',7),(217,'Куйбышево',7),(218,'Мелитополь',7),(219,'Михайловка',7),(220,'Новониколаевка',7),(221,'Орехов',7),(222,'Пологи',7),(223,'Приазовское',7),(224,'Приморск',7),(225,'Токмак',7),(226,'Черниговка',7),(227,'Энергодар',7),(228,'Богородчаны',8),(229,'Болехов',8),(230,'Болшовцы',8),(231,'Брошнев-Осада',8),(232,'Букачевцы',8),(233,'Бурштын',8),(234,'Бытков',8),(235,'Верховина',8),(236,'Войнилов',8),(237,'Ворохта',8),(238,'Выгода',8),(239,'Галич',8),(240,'Гвоздец',8),(241,'Городенка',8),(242,'Делятин',8),(243,'Долина',8),(244,'Жовтень',8),(245,'Заболотов',8),(246,'Ивано-Франковск',8),(247,'Калуж',8),(248,'Калуш',8),(249,'Коломыя',8),(250,'Косов',8),(251,'Надворна',8),(252,'Надворная',8),(253,'Рогатин',8),(254,'Рожнятов',8),(255,'Снятын',8),(256,'Станиславов',8),(257,'Тлумач',8),(258,'Тысменица',8),(259,'Яремча',8),(260,'Иванков',9),(261,'Ирпень',9),(262,'Барышевка',9),(263,'Белая Церковь',9),(264,'Березань',9),(265,'Богуслав',9),(266,'Борисполь',9),(267,'Боровая',9),(268,'Бородянка',9),(269,'Боярка',9),(270,'Бровары',9),(271,'Васильков',9),(272,'Володарка',9),(273,'Ворзель',9),(274,'Вышгород',9),(275,'Гребенки',9),(276,'Дымер',9),(277,'Згуровка',9),(278,'Кагарлык',9),(279,'Калиновка',9),(280,'Киев',9),(281,'Киевская',9),(282,'Кодра',9),(283,'Кожанка',9),(284,'Козин',9),(285,'Макаров',9),(286,'Мироновка',9),(287,'Обухов',9),(288,'Переяслав-Хмельницкий',9),(289,'Полесское',9),(290,'Ракитное',9),(291,'Ржищев',9),(292,'Сквира',9),(293,'Славутич',9),(294,'Ставище',9),(295,'Тараща',9),(296,'Тетиев',9),(297,'Фастов',9),(298,'Чернобыль',9),(299,'Яготин',9),(300,'Александрия',10),(301,'Александровка',10),(302,'Бобринец',10),(303,'Гайворон',10),(304,'Голованевск',10),(305,'Добровеличковка',10),(306,'Долинская',10),(307,'Елизаветградка',10),(308,'Завалье',10),(309,'Знаменка',10),(310,'Знаменка-Вторая',10),(311,'Капитановка',10),(312,'Кировоград',10),(313,'Компанеевка',10),(314,'Малая Виска',10),(315,'Новгородка',10),(316,'Новоархангельск',10),(317,'Новомиргород',10),(318,'Новоукраинка',10),(319,'Ольшанка',10),(320,'Онуфриевка',10),(321,'Петрово',10),(322,'Светловодск',10),(323,'Ульяновка',10),(324,'Устиновка',10),(325,'Азовское',11),(326,'Алупка',11),(327,'Алушта',11),(328,'Армянск',11),(329,'Багерово',11),(330,'Балаклава',11),(331,'Бахчисарай',11),(332,'Белогорск',11),(333,'Гаспра',11),(334,'Гвардейское',11),(335,'Гурзуф',11),(336,'Джанкой',11),(337,'Евпатория',11),(338,'Зуя',11),(339,'Керчь',11),(340,'Кировское',11),(341,'Коктебель',11),(342,'Красногвардейское',11),(343,'Красноперекопск',11),(344,'Ленино',11),(345,'Массандра',11),(346,'Нижнегорский',11),(347,'Первомайское',11),(348,'Раздольное',11),(349,'Саки',11),(350,'Севастополь',11),(351,'Симеиз',11),(352,'Симферополь',11),(353,'Советский',11),(354,'Судак',11),(355,'Феодосия',11),(356,'Форос',11),(357,'Черноморское',11),(358,'Щёлкино',11),(359,'Ялта',11),(360,'Алексадровск',12),(361,'Алчевск',12),(362,'Антрацит',12),(363,'Артемовск',12),(364,'Байрачки',12),(365,'Беловодск',12),(366,'Белое',12),(367,'Белокуракино',12),(368,'Белолуцк',12),(369,'Бирюково',12),(370,'Боково-Платово',12),(371,'Боровское',12),(372,'Брянка',12),(373,'Бугаевка',12),(374,'Вахрушево',12),(375,'Великий Лог',12),(376,'Вергулевка',12),(377,'Володарск',12),(378,'Волчеяровка',12),(379,'Ворошиловград',12),(380,'Врубовка',12),(381,'Врубовский',12),(382,'Георгиевка',12),(383,'Горское',12),(384,'Есауловка',12),(385,'Зимогорье',12),(386,'Золотое',12),(387,'Зоринск',12),(388,'Изварино',12),(389,'Калиново',12),(390,'Кировск',12),(391,'Коммунарск',12),(392,'Краснодон',12),(393,'Красный Луч',12),(394,'Кременная',12),(395,'Лисичанск',12),(396,'Луганск',12),(397,'Лутугино',12),(398,'Марковка',12),(399,'Меловое',12),(400,'Молодогвардейск',12),(401,'Новоайдар',12),(402,'Новопсков',12),(403,'Первомайск',12),(404,'Перевальск',12),(405,'Попасная',12),(406,'Ровеньки',12),(407,'Рубежное',12),(408,'Сватово',12),(409,'Свердловск',12),(410,'Северодонецк',12),(411,'Славяносербск',12),(412,'Станично-Луганское',12),(413,'Старобельск',12),(414,'Стаханов',12),(415,'Счастье',12),(416,'Троицкое',12),(417,'Белз',13),(418,'Бобрка',13),(419,'Борислав',13),(420,'Броды',13),(421,'Буск',13),(422,'Великие Мосты',13),(423,'Верхнее Синевидное',13),(424,'Винники',13),(425,'Глиняны',13),(426,'Горняк',13),(427,'Дашава',13),(428,'Добротвор',13),(429,'Дрогобыч',13),(430,'Жидачов',13),(431,'Жовква',13),(432,'Золочев',13),(433,'Ивано-Франково',13),(434,'Каменка-Бугская',13),(435,'Красне',13),(436,'Львов',13),(437,'Моршин',13),(438,'Мостиска',13),(439,'Нестеров',13),(440,'Николаев',13),(441,'Новый Роздил',13),(442,'Перемышляны',13),(443,'Пустомыты',13),(444,'Рава Русская',13),(445,'Радехов',13),(446,'Самбор',13),(447,'Сколе',13),(448,'Сокаль',13),(449,'Старый Самбор',13),(450,'Стрый',13),(451,'Трускавец',13),(452,'Турка',13),(453,'Червоноград',13),(454,'Яворов',13),(455,'Александровка',14),(456,'Арбузинка',14),(457,'Баштанка',14),(458,'Березнеговатое',14),(459,'Братское',14),(460,'Великая Корениха',14),(461,'Веселиново',14),(462,'Вознесенск',14),(463,'Доманевка',14),(464,'Еланец',14),(465,'Казанка',14),(466,'Коблево',14),(467,'Кривое Озеро',14),(468,'Николаев',14),(469,'Новая Одесса',14),(470,'Новый Буг',14),(471,'Очаков',14),(472,'Первомайск',14),(473,'Снигиревка',14),(474,'Южноукраинск',14),(475,'Аккерман',15),(476,'Ананьев',15),(477,'Арциз',15),(478,'Балта',15),(479,'Белгород-Днестровский',15),(480,'Беляевка',15),(481,'Березино',15),(482,'Березовка',15),(483,'Болград',15),(484,'Бородино',15),(485,'Великая Михайловка',15),(486,'Великодолининское',15),(487,'Вилково',15),(488,'Затишье',15),(489,'Измаил',15),(490,'Ильичевск',15),(491,'Килия',15),(492,'Кодыма',15),(493,'Коминтерновское',15),(494,'Котовск',15),(495,'Красные Окны',15),(496,'Любашевка',15),(497,'Николаевка',15),(498,'Овидиополь',15),(499,'Одесса',15),(500,'Раздельная',15),(501,'Рени',15),(502,'Саврань',15),(503,'Сарата',15),(504,'Тарутино',15),(505,'Татарбунары',15),(506,'Теплодар',15),(507,'Фрунзовка',15),(508,'Ширяево',15),(509,'Южный',15),(510,'Белики',16),(511,'Великая Багачка',16),(512,'Гадяч',16),(513,'Глобино',16),(514,'Гоголево',16),(515,'Градижск',16),(516,'Гребенка',16),(517,'Диканька',16),(518,'Зеньков',16),(519,'Карловка',16),(520,'Кобеляки',16),(521,'Козельщина',16),(522,'Комсомольск',16),(523,'Котельва',16),(524,'Кременчуг',16),(525,'Лохвица',16),(526,'Лубны',16),(527,'Машевка',16),(528,'Миргород',16),(529,'Новые Санжары',16),(530,'Оржица',16),(531,'Пирянтин',16),(532,'Пирятин',16),(533,'Полтава',16),(534,'Решетиловка',16),(535,'Семеновка',16),(536,'Хорол',16),(537,'Чернухи',16),(538,'Чутово',16),(539,'Шишаки',16),(540,'Владимирец',17),(541,'Гоща',17),(542,'Демидовка',17),(543,'Дубно',17),(544,'Дубровица',17),(545,'Заречное',17),(546,'Здолбунов',17),(547,'Клевань',17),(548,'Клесов',17),(549,'Корец',17),(550,'Костополь',17),(551,'Кузнецовск',17),(552,'Млинов',17),(553,'Острог',17),(554,'Радивилов',17),(555,'Ровно',17),(556,'Сарны',17),(557,'Ахтырка',18),(558,'Белополье',18),(559,'Бурынь',18),(560,'Великая Писаревка',18),(561,'Ворожба',18),(562,'Воронеж',18),(563,'Глухов',18),(564,'Дружба',18),(565,'Знобь-Новгородское',18),(566,'Кириковка',18),(567,'Конотоп',18),(568,'Краснополье',18),(569,'Кролевец',18),(570,'Лебедин',18),(571,'Липовая Долина',18),(572,'Недригайлов',18),(573,'Путивль',18),(574,'Ромны',18),(575,'Середина-Буда',18),(576,'Сумы',18),(577,'Тростянец',18),(578,'Шостка',18),(579,'Шурупинское',18),(580,'Ямполь',18),(581,'Бережаны',19),(582,'Борщев',19),(583,'Бучач',19),(584,'Великие Борки',19),(585,'Вишневец',19),(586,'Гримайлов',19),(587,'Гусятин',19),(588,'Залещики',19),(589,'Заложцы',19),(590,'Збараж',19),(591,'Зборов',19),(592,'Золотники',19),(593,'Золотойпоток',19),(594,'Козлов',19),(595,'Козова',19),(596,'Кременец',19),(597,'Лановцы',19),(598,'Монастыриска',19),(599,'Подволочиск',19),(600,'Теребовля',19),(601,'Тернополь',19),(602,'Чортков',19),(603,'Шумское',19),(604,'Армянск',20),(605,'Артек',20),(606,'Береговое',20),(607,'Ботаническое',20),(608,'Кастрополь',20),(609,'Кацивели',20),(610,'Кореиз',20),(611,'Красногвардейск',20),(612,'Краснокаменка',20),(613,'Курпаты',20),(614,'Ливадия',20),(615,'Мисхор',20),(616,'Олива',20),(617,'Оползневое',20),(618,'Парковое',20),(619,'Понизовка',20),(620,'Санаторное',20),(621,'Симеиз',20),(622,'Балаклея',21),(623,'Барвенково',21),(624,'Близнюки',21),(625,'Богодухов',21),(626,'Борки',21),(627,'Боровая',21),(628,'Буды',21),(629,'Валки',21),(630,'Великий Бурлук',21),(631,'Волчанск',21),(632,'Готвальд',21),(633,'Гуты',21),(634,'Дергачи',21),(635,'Зачепиловка',21),(636,'Зидьки',21),(637,'Золочев',21),(638,'Изюм',21),(639,'Казачья Лопань',21),(640,'Кегичевка',21),(641,'Красноград',21),(642,'Краснокутск',21),(643,'Купянск',21),(644,'Лозовая',21),(645,'Люботин',21),(646,'Мерефа',21),(647,'Новая Водолага',21),(648,'Первомайский',21),(649,'Песочин',21),(650,'Сахновщина',21),(651,'Харьков',21),(652,'Чугуев',21),(653,'Шевченково',21),(654,'Аскания-Нова',22),(655,'Белая Криница',22),(656,'Белозерка',22),(657,'Берислав',22),(658,'Великая Александровка',22),(659,'Великая Лепетиха',22),(660,'Верхний Рогачик',22),(661,'Высокополье',22),(662,'Геническ',22),(663,'Голая Пристань',22),(664,'Горностаевка',22),(665,'Днепряны',22),(666,'Каланчак',22),(667,'Калининское',22),(668,'Каховка',22),(669,'Нижние Серогозы',22),(670,'Новая Каховка',22),(671,'Нововоронцовка',22),(672,'Новотроицкое',22),(673,'Скадовск',22),(674,'Херсон',22),(675,'Цюрупинск',22),(676,'Чаплинка',22),(677,'Антонины',23),(678,'Базалия',23),(679,'Белогорье',23),(680,'Виньковцы',23),(681,'Волочиск',23),(682,'Городок',23),(683,'Грицев',23),(684,'Деражня',23),(685,'Дунаевцы',23),(686,'Изяслав',23),(687,'Каменец-Подольский',23),(688,'Красилов',23),(689,'Летичев',23),(690,'Нетешин',23),(691,'Новая Ушица',23),(692,'Полонное',23),(693,'Славута',23),(694,'Старая Синява',23),(695,'Староконстантинов',23),(696,'Теофиполь',23),(697,'Хмельницкий',23),(698,'Чемеровцы',23),(699,'Шепетовка',23),(700,'Ярмолинцы',23),(701,'Ватутино',24),(702,'Городище',24),(703,'Драбов',24),(704,'Ерки',24),(705,'Жашков',24),(706,'Зараевск',24),(707,'Звенигородка',24),(708,'Золотоноша',24),(709,'Ирдынь',24),(710,'Каменка',24),(711,'Канев',24),(712,'Катеринополь',24),(713,'Корсунь-Шевченковский',24),(714,'Лысянка',24),(715,'Маньковка',24),(716,'Монастырище',24),(717,'Смела',24),(718,'Тальное',24),(719,'Умань',24),(720,'Христиновка',24),(721,'Черкассы',24),(722,'Чернобай',24),(723,'Чигирин',24),(724,'Шпола',24),(725,'Батурин',25),(726,'Бахмач',25),(727,'Березна',25),(728,'Бобровица',25),(729,'Борзна',25),(730,'Варва',25),(731,'Вертиевка',25),(732,'Городня',25),(733,'Добрянка',25),(734,'Замглай',25),(735,'Ичня',25),(736,'Козелец',25),(737,'Короп',25),(738,'Корюковка',25),(739,'Куликовка',25),(740,'Мена',25),(741,'Нежин',25),(742,'Новгород Северский',25),(743,'Носовка',25),(744,'Прилуки',25),(745,'Припять',25),(746,'Репки',25),(747,'Семеновка',25),(748,'Сосница',25),(749,'Талалаевка',25),(750,'Чернигов',25),(751,'Щорс',25),(752,'Берегомет',26),(753,'Вашковцы',26),(754,'Вижница',26),(755,'Герца',26),(756,'Глыбокая',26),(757,'Заставна',26),(758,'Кельменцы',26),(759,'Кицмань',26),(760,'Новоселица',26),(761,'Путила',26),(762,'Сокиряны',26),(763,'Сторожинец',26),(764,'Хотин',26),(765,'Черновцы',26);
/*!40000 ALTER TABLE `city` ENABLE KEYS */;
UNLOCK TABLES;

--
-- Table structure for table `hotel`
--

DROP TABLE IF EXISTS `hotel`;
/*!40101 SET @saved_cs_client     = @@character_set_client */;
/*!40101 SET character_set_client = utf8 */;
CREATE TABLE `hotel` (
  `id` int(11) unsigned NOT NULL AUTO_INCREMENT,
  `name` varchar(255) NOT NULL,
  `city_id` int(11) NOT NULL,
  PRIMARY KEY (`id`)
) ENGINE=InnoDB AUTO_INCREMENT=116 DEFAULT CHARSET=utf8;
/*!40101 SET character_set_client = @saved_cs_client */;

--
-- Dumping data for table `hotel`
--

LOCK TABLES `hotel` WRITE;
/*!40000 ALTER TABLE `hotel` DISABLE KEYS */;
INSERT INTO `hotel` VALUES (1,'Седьмое небо',280),(2,'Happy Hostel Kiev',280),(3,'Nova',280),(4,'Dja',280),(5,'Турист',280),(6,'Garden',280),(7,'ALFAVITO',280),(8,'BonApart',280),(9,'Грегуар',280),(10,'Крещатик',280),(11,'Олива',280),(12,'Джинтама',280),(13,'Висак',280),(14,'Royal Deluxe',280),(15,'Старо',280),(16,'Украина',280),(17,'Софиевский Посад',280),(18,'Камелот',280),(19,'Hilton',280),(20,'Франция',7),(21,'Страйк',7),(22,'Drive-Hills',7),(23,'Кардинал',7),(24,'Транзит',7),(25,'София',7),(26,'Гостиный Двор',7),(27,'Затышок',7),(28,'Версаль',7),(29,'Винница',7),(30,'Денинна',7),(31,'Fenix',7),(32,'Шахерезада',7),(33,'Аристократ',7),(34,'Панорама',7),(35,'Оптима Винница',7),(36,'Шафран',120),(37,'BonBon',120),(38,'Мельница',120),(39,'Приват',120),(40,'Альфа',120),(41,'Шале',170),(42,'Гайки',170),(43,'Королевская бочка',170),(44,'По-домашнему',170),(45,'CЭМ',213),(46,'Белый рояль',213),(47,'Intourist Hotel',213),(48,'Соборный',213),(49,'Royal',213),(50,'Под Темплем',246),(51,'Ривьера',246),(52,'Прикарпатье',246),(53,'Домино',396),(54,'Сквер',765),(55,'AllureInn',765),(56,'Георг Парк',765),(57,'Садиба',765),(58,'Classik Apartment',765),(59,'Нобилис',436),(60,'Citadel Inn',436),(61,'Panorama',436),(62,'Шопен',436),(63,'Астория',436),(64,'Швейцарский',436),(65,'Бухта Викингов',436),(66,'Евроотель',436),(67,'Эдем',436),(68,'Древний Град',436),(69,'Николаев',468),(70,'Reikartz Ривер Николаев',468),(71,'Hotel Palace Ukraine',468),(72,'Золотой фазан',468),(73,'Helen-Ноtel',468),(74,'Металлург',468),(75,'Atlantic Garden Resort',499),(76,'Джоконда',499),(77,'Немо',499),(78,'Дюк',499),(79,'Калифорния',499),(80,'Марлин',499),(81,'Лондон',499),(82,'Аллея Гранд',533),(83,'Premier Hotel Palazzo',533),(84,'Глухомань',533),(85,'Мимино',533),(86,'Аквамарин',350),(87,'Вязовая роща',350),(88,'Адмирал',350),(89,'MelRose',555),(90,'София',555),(91,'Мир',555),(92,'Юбилейная',576),(93,'Глобус',601),(94,'Акант',601),(95,'Тернополь',601),(96,'VIVA',651),(97,'Classic',651),(98,'Стиль',651),(99,'Клуб Отель Сафари',651),(100,'Тихая гавань',674),(101,'Бордо',674),(102,'Компас Отель Херсон',674),(103,'Клуб Друзья Херсон',674),(104,'Hotel Plaza',697),(105,'Park Hotel',697),(106,'Любе',697),(107,'Центральный',697),(108,'Апельсин',721),(109,'Арагви',721),(110,'Оптима Черкассы',721),(111,'Днепр',721),(112,'ШишкINN',750),(113,'Придеснянский',750),(114,'Чернигов',750),(115,'Профсоюзная',750);
/*!40000 ALTER TABLE `hotel` ENABLE KEYS */;
UNLOCK TABLES;

--
-- Table structure for table `region`
--

DROP TABLE IF EXISTS `region`;
/*!40101 SET @saved_cs_client     = @@character_set_client */;
/*!40101 SET character_set_client = utf8 */;
CREATE TABLE `region` (
  `id` int(11) unsigned NOT NULL AUTO_INCREMENT,
  `name` varchar(255) NOT NULL,
  PRIMARY KEY (`id`)
) ENGINE=InnoDB AUTO_INCREMENT=27 DEFAULT CHARSET=utf8;
/*!40101 SET character_set_client = @saved_cs_client */;

--
-- Dumping data for table `region`
--

LOCK TABLES `region` WRITE;
/*!40000 ALTER TABLE `region` DISABLE KEYS */;
INSERT INTO `region` VALUES (1,'Винницкая обл.'),(2,'Волынская обл.'),(3,'Днепропетровская обл.'),(4,'Донецкая обл.'),(5,'Житомирская обл.'),(6,'Закарпатская обл.'),(7,'Запорожская обл.'),(8,'Ивано-Франковская обл.'),(9,'Киевская обл.'),(10,'Кировоградская обл.'),(11,'Крым АР.'),(12,'Луганская обл.'),(13,'Львовская обл.'),(14,'Николаевская обл.'),(15,'Одесская обл.'),(16,'Полтавская обл.'),(17,'Ровенская обл.'),(18,'Сумская обл.'),(19,'Тернопольская обл.'),(20,'Украина'),(21,'Харьковская обл.'),(22,'Херсонская обл.'),(23,'Хмельницкая обл.'),(24,'Черкасская обл.'),(25,'Черниговская обл.'),(26,'Черновицкая обл.');
/*!40000 ALTER TABLE `region` ENABLE KEYS */;
UNLOCK TABLES;
/*!40103 SET TIME_ZONE=@OLD_TIME_ZONE */;

/*!40101 SET SQL_MODE=@OLD_SQL_MODE */;
/*!40014 SET FOREIGN_KEY_CHECKS=@OLD_FOREIGN_KEY_CHECKS */;
/*!40014 SET UNIQUE_CHECKS=@OLD_UNIQUE_CHECKS */;
/*!40101 SET CHARACTER_SET_CLIENT=@OLD_CHARACTER_SET_CLIENT */;
/*!40101 SET CHARACTER_SET_RESULTS=@OLD_CHARACTER_SET_RESULTS */;
/*!40101 SET COLLATION_CONNECTION=@OLD_COLLATION_CONNECTION */;
/*!40111 SET SQL_NOTES=@OLD_SQL_NOTES */;

-- Dump completed on 2017-11-12 14:17:55
